,Instance,n_N,n_B,Strength,A4,Gap,Runtime,Time_Prepro,NodeCount,ObjVal,Runtime_h,ObjVal_h
0,0,5,5,False,False,0.0,0.6796061992645264,0.9559311866760254,160.0,227.1400537046785,,
1,1,5,5,False,False,0.0,2.551875114440918,0.9431548118591309,8280.0,176.69107280624434,,
