,Instance,n_N,n_B,Strength,A4,Gap,Runtime,Time_Prepro,NodeCount,ObjVal,Runtime_h,ObjVal_h
0,0,5,5,False,False,0.0,0.6796061992645264,0.9559311866760254,160.0,227.1400537046785,,
1,1,5,5,False,False,0.0,2.551875114440918,0.9431548118591309,8280.0,176.69107280624434,,
2,2,5,5,False,False,0.0,204.544420003891,0.9549143314361572,1319853.0,217.43221099440177,,
3,3,5,4,False,False,0.0,4.641919851303101,0.7077827453613281,32622.0,206.12816499586293,,
4,4,5,5,False,False,0.0,0.5526070594787598,0.9735639095306396,1032.0,170.76598110742367,,
